{
    "baseVideoDuration": 242,
    "baseVideoId": "P8jOQUsTU9o",
    "cut": [
        {
            "with": {
                "id": "P8jOQUsTU9o",
                "begin": 0.465521,
                "duration": 32.524322999999995,
                "end": 32.989844
            },
            "begin": 0,
            "duration": 254.625841,
            "end": 254.625841
        }
    ],
    "clip": [
        {
            "id": "P8jOQUsTU9o",
            "begin": 0.465521,
            "duration": 32.524322999999995,
            "end": 32.989844
        }
    ]
}