{
    "baseVideoDuration": 242,
    "baseVideoId": "3Pfat4Zktkg",
    "cut": [
        {
            "with": {
                "id": "3Pfat4Zktkg",
                "begin": 10.23641,
                "duration": 14.117496,
                "end": 24.353906
            },
            "begin": 0.667793,
            "duration": 250.624872,
            "end": 251.292665
        }
    ],
    "clip": [
        {
            "begin": 0,
            "duration": 0.667793,
            "end": 0.667793,
            "id": "3Pfat4Zktkg"
        },
        {
            "id": "3Pfat4Zktkg",
            "begin": 10.23641,
            "duration": 14.117496,
            "end": 24.353906
        }
    ]
}