{
    "baseVideoDuration": 39.733,
    "baseVideoId": "SCvup4XCkxU",
    "cut": [
        {
            "with": {
                "id": "jXvaYTa9Iew",
                "begin": 0.000117,
                "duration": 4.260999999999999,
                "end": 4.261117
            },
            "begin": 37.37658990825688,
            "duration": 1.3657706422018379,
            "end": 38.74236055045872
        }
    ],
    "clip": [
        {
            "begin": 0,
            "duration": 37.37658990825688,
            "end": 37.37658990825688,
            "id": "SCvup4XCkxU"
        },
        {
            "id": "jXvaYTa9Iew",
            "begin": 0.000117,
            "duration": 4.260999999999999,
            "end": 4.261117
        },
        {
            "begin": 38.74236055045872,
            "duration": 0.9906394495412769,
            "end": 39.733,
            "id": "SCvup4XCkxU"
        }
    ]
}