{
    "baseVideoDuration": 9.868480725623582,
    "baseVideoId": "VKrLKUg-Y7Y",
    "cut": [],
    "clip": [
        {
            "begin": 0,
            "duration": 9.868480725623582,
            "end": 9.868480725623582,
            "id": "VKrLKUg-Y7Y"
        }
    ]
}