{
    "baseVideoDuration": 9.868480725623582,
    "baseVideoId": "QB0QFI_FGeE",
    "cut": [],
    "clip": [
        {
            "begin": 0,
            "duration": 9.868480725623582,
            "end": 9.868480725623582,
            "id": "QB0QFI_FGeE"
        }
    ]
}