{
    "baseVideoDuration": 242,
    "baseVideoId": "lNDorcon38U",
    "cut": [
        {
            "with": {
                "id": "lNDorcon38U",
                "begin": 76.139471,
                "duration": 4.551007999999996,
                "end": 80.690479
            },
            "begin": 2.648759,
            "duration": 223.16015499999997,
            "end": 225.808914
        }
    ],
    "clip": [
        {
            "begin": 0,
            "duration": 2.648759,
            "end": 2.648759,
            "id": "lNDorcon38U"
        },
        {
            "id": "lNDorcon38U",
            "begin": 76.139471,
            "duration": 4.551007999999996,
            "end": 80.690479
        },
        {
            "begin": 225.808914,
            "duration": 16.191086000000013,
            "end": 242,
            "id": "lNDorcon38U"
        }
    ]
}