{
    "baseVideoDuration": 242,
    "baseVideoId": "TE36CAUNGio",
    "cut": [
        {
            "with": {
                "id": "TE36CAUNGio",
                "begin": 8.813389,
                "duration": 7.6843179999999975,
                "end": 16.497707
            },
            "begin": 5.728848,
            "duration": 1.105994,
            "end": 6.834842
        }
    ],
    "clip": [
        {
            "begin": 0,
            "duration": 5.728848,
            "end": 5.728848,
            "id": "TE36CAUNGio"
        },
        {
            "id": "TE36CAUNGio",
            "begin": 8.813389,
            "duration": 7.6843179999999975,
            "end": 16.497707
        },
        {
            "begin": 6.834842,
            "duration": 235.165158,
            "end": 242,
            "id": "TE36CAUNGio"
        }
    ]
}