{
    "baseVideoDuration": 242,
    "baseVideoId": "jfXGNAxjlfo",
    "cut": [
        {
            "with": {
                "id": "jfXGNAxjlfo",
                "begin": 4.762748,
                "duration": 4.982085,
                "end": 9.744833
            },
            "begin": 1.126993,
            "duration": 1.6639900000000003,
            "end": 2.790983
        }
    ],
    "clip": [
        {
            "begin": 0,
            "duration": 1.126993,
            "end": 1.126993,
            "id": "jfXGNAxjlfo"
        },
        {
            "id": "jfXGNAxjlfo",
            "begin": 4.762748,
            "duration": 4.982085,
            "end": 9.744833
        },
        {
            "begin": 2.790983,
            "duration": 239.209017,
            "end": 242,
            "id": "jfXGNAxjlfo"
        }
    ]
}