{
    "baseVideoDuration": 242,
    "baseVideoId": "xSwoazSVGn8",
    "cut": [
        {
            "with": {
                "id": "xSwoazSVGn8",
                "begin": 10.189109,
                "duration": 3.1282359999999994,
                "end": 13.317345
            },
            "begin": 0,
            "duration": 3.843261,
            "end": 3.843261
        },
        {
            "with": {
                "id": "xSwoazSVGn8",
                "begin": 10.189109,
                "duration": 3.1282359999999994,
                "end": 13.317345
            },
            "begin": 3.843261,
            "duration": 4.0518089999999995,
            "end": 7.89507
        }
    ],
    "clip": [
        {
            "id": "xSwoazSVGn8",
            "begin": 10.189109,
            "duration": 3.1282359999999994,
            "end": 13.317345
        },
        {
            "id": "xSwoazSVGn8",
            "begin": 10.189109,
            "duration": 3.1282359999999994,
            "end": 13.317345
        },
        {
            "begin": 7.89507,
            "duration": 234.10493,
            "end": 242,
            "id": "xSwoazSVGn8"
        }
    ]
}