{
    "baseVideoDuration": 242,
    "baseVideoId": "DR8Okx9Cgpw",
    "cut": [
        {
            "with": {
                "id": "DR8Okx9Cgpw",
                "begin": 2.132167,
                "duration": 7.033380999999999,
                "end": 9.165548
            },
            "begin": 0,
            "duration": 3.239786,
            "end": 3.239786
        }
    ],
    "clip": [
        {
            "id": "DR8Okx9Cgpw",
            "begin": 2.132167,
            "duration": 7.033380999999999,
            "end": 9.165548
        },
        {
            "begin": 3.239786,
            "duration": 238.760214,
            "end": 242,
            "id": "DR8Okx9Cgpw"
        }
    ]
}