{
    "baseVideoDuration": 242,
    "baseVideoId": "iREt2iBG2jc",
    "cut": [
        {
            "with": {
                "id": "iREt2iBG2jc",
                "begin": 0,
                "duration": 13.214048,
                "end": 13.214048
            },
            "begin": 0,
            "duration": 7.149255216693418,
            "end": 7.149255216693418
        }
    ],
    "clip": [
        {
            "id": "iREt2iBG2jc",
            "begin": 0,
            "duration": 13.214048,
            "end": 13.214048
        },
        {
            "begin": 7.149255216693418,
            "duration": 234.8507447833066,
            "end": 242,
            "id": "iREt2iBG2jc"
        }
    ]
}