{
    "baseVideoDuration": 242,
    "baseVideoId": "I4Dh3yQ9xjQ",
    "cut": [
        {
            "with": {
                "id": "I4Dh3yQ9xjQ",
                "begin": 0.142998,
                "duration": 10.724143,
                "end": 10.867141
            },
            "begin": 1.858009,
            "duration": 1.962967,
            "end": 3.820976
        }
    ],
    "clip": [
        {
            "begin": 0,
            "duration": 1.858009,
            "end": 1.858009,
            "id": "I4Dh3yQ9xjQ"
        },
        {
            "id": "I4Dh3yQ9xjQ",
            "begin": 0.142998,
            "duration": 10.724143,
            "end": 10.867141
        },
        {
            "begin": 3.820976,
            "duration": 238.179024,
            "end": 242,
            "id": "I4Dh3yQ9xjQ"
        }
    ]
}