{
    "baseVideoDuration": 242,
    "baseVideoId": "IyqiKDHXWXA",
    "cut": [
        {
            "with": {
                "id": "IyqiKDHXWXA",
                "begin": 0.870995,
                "duration": 5.4804580000000005,
                "end": 6.351453
            },
            "begin": 0,
            "duration": 4.630542,
            "end": 4.630542
        }
    ],
    "clip": [
        {
            "id": "IyqiKDHXWXA",
            "begin": 0.870995,
            "duration": 5.4804580000000005,
            "end": 6.351453
        },
        {
            "begin": 4.630542,
            "duration": 237.369458,
            "end": 242,
            "id": "IyqiKDHXWXA"
        }
    ]
}