{
    "baseVideoDuration": 242,
    "baseVideoId": "ueZGR6Fxv1A",
    "cut": [
        {
            "with": {
                "id": "kAmHEdozmm8",
                "begin": 14.836763,
                "duration": 6.896043000000001,
                "end": 21.732806
            },
            "begin": 0,
            "duration": 4.2203,
            "end": 4.2203
        }
    ],
    "clip": [
        {
            "id": "kAmHEdozmm8",
            "begin": 14.836763,
            "duration": 6.896043000000001,
            "end": 21.732806
        },
        {
            "begin": 4.2203,
            "duration": 237.7797,
            "end": 242,
            "id": "ueZGR6Fxv1A"
        }
    ]
}