{
    "baseVideoDuration": 242,
    "baseVideoId": "UGi33hxTuCY",
    "cut": [
        {
            "with": {
                "id": "L0MK7qz13bU",
                "begin": 1.875181,
                "duration": 1.323483,
                "end": 3.198664
            },
            "begin": 3.616606,
            "duration": 3.1345650000000003,
            "end": 6.751171
        }
    ],
    "clip": [
        {
            "begin": 0,
            "duration": 3.616606,
            "end": 3.616606,
            "id": "UGi33hxTuCY"
        },
        {
            "id": "L0MK7qz13bU",
            "begin": 1.875181,
            "duration": 1.323483,
            "end": 3.198664
        },
        {
            "begin": 6.751171,
            "duration": 235.248829,
            "end": 242,
            "id": "UGi33hxTuCY"
        }
    ]
}