{
    "baseVideoDuration": 242,
    "baseVideoId": "hds7Ny6v6NY",
    "cut": [
        {
            "with": {
                "id": "L0MK7qz13bU",
                "begin": 0.923202,
                "duration": 1.6717680000000001,
                "end": 2.59497
            },
            "begin": 4.73517,
            "duration": 189.359864,
            "end": 194.095034
        }
    ],
    "clip": [
        {
            "begin": 0,
            "duration": 4.73517,
            "end": 4.73517,
            "id": "hds7Ny6v6NY"
        },
        {
            "id": "L0MK7qz13bU",
            "begin": 0.923202,
            "duration": 1.6717680000000001,
            "end": 2.59497
        },
        {
            "begin": 194.095034,
            "duration": 47.904966,
            "end": 242,
            "id": "hds7Ny6v6NY"
        }
    ]
}