{
    "baseVideoDuration": 242,
    "baseVideoId": "p6NkOKbutUk",
    "cut": [
        {
            "with": {
                "id": "p6NkOKbutUk",
                "begin": 4.223416,
                "duration": 0.6445739999999995,
                "end": 4.86799
            },
            "begin": 8.753921,
            "duration": 0,
            "end": 8.753921
        }
    ],
    "clip": [
        {
            "begin": 0,
            "duration": 8.753921,
            "end": 8.753921,
            "id": "p6NkOKbutUk"
        },
        {
            "id": "p6NkOKbutUk",
            "begin": 4.223416,
            "duration": 0.6445739999999995,
            "end": 4.86799
        },
        {
            "begin": 8.753921,
            "duration": 233.246079,
            "end": 242,
            "id": "p6NkOKbutUk"
        }
    ]
}