{
    "baseVideoDuration": 242,
    "baseVideoId": "hds7Ny6v6NY",
    "cut": [
        {
            "with": {
                "id": "L0MK7qz13bU",
                "begin": 1.43402,
                "duration": 2.1129290000000003,
                "end": 3.546949
            },
            "begin": 2.873598,
            "duration": 189.12163900000002,
            "end": 191.995237
        }
    ],
    "clip": [
        {
            "begin": 0,
            "duration": 2.873598,
            "end": 2.873598,
            "id": "hds7Ny6v6NY"
        },
        {
            "id": "L0MK7qz13bU",
            "begin": 1.43402,
            "duration": 2.1129290000000003,
            "end": 3.546949
        },
        {
            "begin": 191.995237,
            "duration": 50.004763,
            "end": 242,
            "id": "hds7Ny6v6NY"
        }
    ]
}