{
    "baseVideoDuration": 64.36499999999998,
    "baseVideoId": "nhQy7C57qgg",
    "cut": [],
    "clip": [
        {
            "begin": 0,
            "duration": 64.36499999999998,
            "end": 64.36499999999998,
            "id": "nhQy7C57qgg"
        }
    ]
}