{
    "baseVideoDuration": 64.31927437641724,
    "baseVideoId": "WZi8kly__L0",
    "cut": [],
    "clip": [
        {
            "begin": 0,
            "duration": 64.31927437641724,
            "end": 64.31927437641724,
            "id": "WZi8kly__L0"
        }
    ]
}